{"cameraMode":{"drawMode":0,"name":"Shaded","section":"Shading Mode"},"sceneLighting":true,"audioPlay":false,"sceneViewState":{"showFog":true,"showMaterialUpdate":false,"showSkybox":true,"showFlares":true,"showImageEffects":true,"showParticleSystems":true},"in2DMode":false,"pivot":{"x":9.742359161376954,"y":0.07669325917959213,"z":-2.5952277183532717},"rotation":{"x":0.3093006908893585,"y":0.31683266162872317,"z":-0.11010769009590149,"w":0.8898730874061585},"size":5.879899978637695,"orthographic":false}