{"cameraMode":{"drawMode":0,"name":"Shaded","section":"Shading Mode"},"sceneLighting":true,"audioPlay":false,"sceneViewState":{"showFog":false,"showMaterialUpdate":false,"showSkybox":true,"showFlares":false,"showImageEffects":false,"showParticleSystems":false},"in2DMode":false,"pivot":{"x":-0.8713852763175964,"y":-6.9926347732543949,"z":25.724550247192384},"rotation":{"x":0.22754232585430146,"y":-0.046761978417634967,"z":0.010858642868697644,"w":0.9726222157478333},"size":21.617040634155275,"orthographic":false}